<?xml version="1.0" encoding="UTF-8"?>
<uptime xmlns:xsi="http://www.w3.org/2001/XMLSchema-instance" xsi:schemaLocation="http://www.uptimesoftware.com/erdc/erdc erdc" xmlns="http://www.uptimesoftware.com/erdc/erdc" xmlns:upt="http://www.uptimesoftware.com/erdc/erdc" version="4.0" target_grouping="other">
	<class>XenServer</class>
	<exec>com.uptimesoftware.uptime.erdc.MonitorCustomScriptRunner</exec>
	<erdc_version>2.1</erdc_version>
	<category>Applications - General</category>
	<category_related></category_related>
	<grid_info>
		<supported_versions>7.3,7.4,7.5,7.6,7.7,7.8</supported_versions>
		<supported_platforms>windows, linux</supported_platforms>
		<upgrade_in_place>true</upgrade_in_place>
		<requires_agent_scripts>false</requires_agent_scripts>
	</grid_info>		
	<elements>
		<element name="process_linux" parameter_type="input" data_type="string" gui_basic="1" range_type="0" hidden="true">
			<control_options> size:40 </control_options>
			<default_value>plugins/scripts/monitor-citrix-xenserver/monitor-citrix-xenserver.sh</default_value>
			<short_description>Script Name</short_description>
			<long_description>Name of the script/binary/process to be executed by up.time </long_description>
			<validation_rule><alphanumeric/></validation_rule>
			<error_message><alphanumeric>required field</alphanumeric></error_message>
			<gui_type><string/></gui_type>
		</element>
		<element name="process_windows" parameter_type="input" data_type="string" gui_basic="1" range_type="0" hidden="true">
			<control_options> size:40 </control_options>
			<default_value>plugins/scripts/monitor-citrix-xenserver/monitor-citrix-xenserver.bat</default_value>
			<short_description>Script Name</short_description>
			<long_description>Name of the script/binary/process to be executed by up.time </long_description>
			<validation_rule><alphanumeric/></validation_rule>
			<error_message><alphanumeric>required field</alphanumeric></error_message>
			<gui_type><string/></gui_type>
		</element>		
		<element name='USERNAME' parameter_type='input' data_type='string' gui_basic='1' range_type='0' units=''>
			<control_options>size:8</control_options>
			<default_value></default_value>
			<validation_rule/><error_message/>
			<short_description>Username</short_description>
			<long_description>Username to login to XenServer</long_description>
			<gui_type><string/></gui_type>
			<error_message>
				<alphanumeric>required field</alphanumeric>
			</error_message>
		</element>
		<element name="PASSWORD" parameter_type="input" data_type="string" gui_basic="1" range_type="0">
			<control_options> size:40 </control_options>
			<default_value/>
			<short_description> Password </short_description>
			<long_description> Password to login to XenServer</long_description>
			<validation_rule>
				<alphanumeric/>
			</validation_rule>
			<error_message>
				<alphanumeric>required field</alphanumeric>
			</error_message>
			<gui_type>
				<password/>
			</gui_type>
		</element>
		
		<element name='hostAvgCPUUtil' parameter_type='output' data_type='decimal' gui_basic='' range_type='0' units='%'>
			<control_options>size:8</control_options>
			<default_value></default_value>
			<short_description>XenServer CPU Utilization (%)</short_description>
			<long_description>The CPU Utilization of XenServer in percent.</long_description>
			<validation_rule/>
			<error_message/>
			<gui_type><decimal/></gui_type>
		</element>
		<element name='hostMemUsed' parameter_type='output' data_type='decimal' gui_basic='' range_type='0' units='MB'>
			<control_options>size:8</control_options>
			<default_value></default_value>
			<short_description>XenServer Memory Used (MB)</short_description>
			<long_description>The Amount of Memory Used on XenServer in MB.</long_description>
			<validation_rule/>
			<error_message/>
			<gui_type><decimal/></gui_type>
		</element>
		<element name='hostMemFree' parameter_type='output' data_type='decimal' gui_basic='' range_type='0' units='MB'>
			<control_options>size:8</control_options>
			<default_value></default_value>
			<short_description>XenServer Memory Free (MB)</short_description>
			<long_description>The Amount of Memory Free on XenServer in MB.</long_description>
			<validation_rule/>
			<error_message/>
			<gui_type><decimal/></gui_type>
		</element>
		<element name='hostMemPct' parameter_type='output' data_type='decimal' gui_basic='' range_type='0' units='%'>
			<control_options>size:8</control_options>
			<default_value></default_value>
			<short_description>XenServer Memory Util (%)</short_description>
			<long_description>The Memory Utilization of XenServer in percent.</long_description>
			<validation_rule/>
			<error_message/>
			<gui_type><decimal/></gui_type>
		</element>
		<element name='loadAvg' parameter_type='output' data_type='decimal' gui_basic='' range_type='0' units=''>
			<control_options>size:8</control_options>
			<default_value></default_value>
			<short_description>XenServer Load Average</short_description>
			<long_description>The Load Average of XenServer.</long_description>
			<validation_rule/>
			<error_message/>
			<gui_type><decimal/></gui_type>
		</element>
		<element name='diskUsed' parameter_type='output' data_type='ranged' gui_basic='' range_type='0' units='GB'>
			<control_options>size:8</control_options>
			<default_value></default_value>
			<short_description>Storage Repository Used (GB)</short_description>
			<long_description>The amount of disk space used in the storage repository in GB.</long_description>
			<validation_rule/>
			<error_message/>
			<gui_type><decimal/></gui_type>
		</element>
		<element name='diskFree' parameter_type='output' data_type='ranged' gui_basic='' range_type='0' units='GB'>
			<control_options>size:8</control_options>
			<default_value></default_value>
			<short_description>Storage Repository Free (GB)</short_description>
			<long_description>The amount of disk space available in the storage repository in GB.</long_description>
			<validation_rule/>
			<error_message/>
			<gui_type><decimal/></gui_type>
		</element>
		<element name='diskUtilPct' parameter_type='output' data_type='ranged' gui_basic='' range_type='0' units='%'>
			<control_options>size:8</control_options>
			<default_value></default_value>
			<short_description>Storage Repository Utilization (%)</short_description>
			<long_description>The amount of disk space used in the storage repository in percent.</long_description>
			<validation_rule/>
			<error_message/>
			<gui_type><decimal/></gui_type>
		</element>
		<element name='hostNetIn' parameter_type='output' data_type='ranged' gui_basic='' range_type='0' units='Kbps'>
			<control_options>size:8</control_options>
			<default_value></default_value>
			<short_description>Network Receive Rate (Kbps)</short_description>
			<long_description>The network receive rate in kilobyte/s.</long_description>
			<validation_rule/>
			<error_message/>
			<gui_type><decimal/></gui_type>
		</element>
		<element name='hostNetOut' parameter_type='output' data_type='ranged' gui_basic='' range_type='0' units='Kbps'>
			<control_options>size:8</control_options>
			<default_value></default_value>
			<short_description>Network Send Rate (Kbps)</short_description>
			<long_description>The network send rate in kilobyte/s.</long_description>
			<validation_rule/>
			<error_message/>
			<gui_type><decimal/></gui_type>
		</element>
	</elements>
	<help>This plugin uses the XenServer Management API and XAPI RRD to gather performance and health metrics for XenServer.</help>
</uptime>




